批號,日期,機台,班別,操作員,原料批號,模具保養後天數,料溫,模溫,射出壓力,保壓時間,冷卻時間,環境溫度,環境濕度,產出數,不良數,現場紀錄
P-2401,2026-08-03,M1,日班,OP01,R-0710,18,228.5,188.0,72.8,2.66,12.9,27.4,59,305,4,
P-2402,2026-08-03,M2,日班,OP01,R-0709,7,222.4,182.8,68.6,2.61,12.8,27.8,57,248,6,換班交接完成
P-2403,2026-08-04,M2,日班,OP07,R-0715,20,231.5,185.5,76.3,2.67,15.4,25.2,59,224,3,首件檢驗通過
P-2404,2026-08-05,M3,日班,OP01,R-0704,4,223.9,186.4,72.2,2.57,13.6,25.1,58,287,3,
P-2405,2026-08-05,M2,夜班,OP07,R-0703,7,227.5,185.5,79.0,2.75,14.7,25.5,56,344,4,巡檢無異常
P-2406,2026-08-06,M2,日班,OP07,R-0703,14,225.3,189.5,70.5,2.93,14.6,25.4,65,336,5,巡檢無異常
P-2407,2026-08-07,M3,夜班,OP05,R-0706,15,224.8,187.3,71.3,2.73,14.1,28.8,59,352,30,
P-2408,2026-08-07,M1,夜班,OP04,R-0703,20,224.5,185.1,71.7,2.74,12.9,29.0,46,370,8,正常
P-2409,2026-08-08,M2,夜班,OP04,R-0706,10,222.1,190.4,79.6,2.91,13.9,25.8,51,353,8,換料後聞到焦味，繼續生產
P-2410,2026-08-09,M2,夜班,OP01,R-0713,7,226.9,187.3,82.3,2.68,15.3,28.3,62,279,4,首件檢驗通過
P-2411,2026-08-09,M1,夜班,OP07,R-0704,17,229.4,187.2,62.8,2.81,13.3,27.4,59,281,7,
P-2412,2026-08-10,M3,夜班,OP02,R-0712,23,223.4,188.0,77.6,2.66,13.4,28.8,69,307,16,R-0712 外包裝破損，已拆新袋
P-2413,2026-08-11,M1,日班,OP07,R-0711,5,229.9,181.4,76.7,2.81,13.6,26.3,61,222,4,換班交接完成
P-2414,2026-08-11,M2,夜班,OP06,R-0708,11,227.3,188.8,71.8,2.86,14.3,26.1,65,312,3,正常
P-2415,2026-08-12,M2,日班,OP04,R-0704,12,233.1,186.4,69.9,2.68,14.7,26.1,67,262,3,
P-2416,2026-08-13,M1,夜班,OP07,R-0713,12,222.6,190.2,74.4,2.74,15.2,26.6,65,270,2,首件檢驗通過
P-2417,2026-08-13,M2,日班,OP01,R-0704,14,231.1,189.7,78.1,2.92,12.5,25.7,53,395,7,
P-2418,2026-08-14,M2,夜班,OP03,R-0704,9,224.7,186.8,79.2,2.82,15.1,28.4,63,294,4,脫模不順，夜班手動噴離型劑兩次
P-2419,2026-08-15,M1,日班,OP05,R-0707,18,226.1,185.4,69.0,2.82,13.2,27.3,63,291,7,產品表面出現細銀紋，已挑出 3 件
P-2420,2026-08-15,M2,夜班,OP03,R-0712,9,224.4,189.5,80.6,2.92,15.4,27.3,52,345,16,
P-2421,2026-08-16,M2,夜班,OP08,R-0706,18,232.7,188.7,68.5,2.7,11.4,28.7,54,276,13,換班交接完成
P-2422,2026-08-17,M1,日班,OP08,R-0709,9,232.1,187.8,72.1,2.84,15.0,27.6,48,398,10,
P-2423,2026-08-17,M2,夜班,OP02,R-0713,4,237.0,188.9,78.2,2.72,15.1,27.8,48,223,6,
P-2424,2026-08-18,M1,夜班,OP04,R-0714,13,229.4,181.9,70.3,2.93,14.0,28.2,82,326,16,午後雷陣雨
P-2425,2026-08-19,M1,日班,OP04,R-0701,4,225.1,187.0,76.5,2.78,12.7,28.3,64,370,7,首件檢驗通過
P-2426,2026-08-19,M1,夜班,OP03,R-0703,24,231.4,181.9,82.3,2.7,14.9,26.0,54,286,3,依排程生產
P-2427,2026-08-20,M1,夜班,OP03,R-0702,19,233.2,184.2,76.5,2.81,14.8,25.4,61,273,5,換班交接完成
P-2428,2026-08-21,M2,日班,OP01,R-0710,9,230.8,187.4,80.5,2.7,13.5,27.2,67,389,6,首件檢驗通過
P-2429,2026-08-21,M3,夜班,OP03,R-0715,4,225.9,184.8,70.6,2.82,14.0,26.6,66,403,10,
P-2430,2026-08-22,M3,夜班,OP05,R-0709,15,232.0,183.8,72.4,2.78,14.3,26.4,63,319,3,正常
P-2431,2026-08-23,M1,日班,OP06,R-0704,0,221.9,182.0,80.6,2.87,15.3,28.7,68,392,18,保養後重新上模
P-2432,2026-08-23,M1,夜班,OP02,R-0710,14,231.2,187.8,70.3,2.69,14.6,26.8,56,393,9,正常
P-2433,2026-08-24,M2,日班,OP08,R-0702,14,225.7,186.9,78.5,2.93,15.5,28.6,51,335,5,首件檢驗通過
P-2434,2026-08-25,M1,日班,OP08,R-0707,6,227.1,190.5,62.2,2.6,14.6,25.5,57,333,11,換班交接完成
P-2435,2026-08-25,M3,夜班,OP08,R-0715,9,225.3,189.4,81.5,2.79,12.9,27.9,51,261,6,換班交接完成
P-2436,2026-08-26,M2,日班,OP01,R-0709,24,231.4,184.3,69.1,2.89,13.4,28.3,64,389,10,
P-2437,2026-08-27,M3,日班,OP08,R-0714,19,230.9,185.8,74.3,2.91,12.7,26.4,64,284,21,巡檢無異常
P-2438,2026-08-27,M3,夜班,OP07,R-0701,14,227.5,187.5,74.3,2.79,14.3,27.5,66,259,6,依排程生產
P-2439,2026-08-28,M1,夜班,OP08,R-0710,6,229.5,184.8,78.5,2.63,12.8,28.4,69,252,6,
P-2440,2026-08-29,M3,夜班,OP01,R-0703,14,233.0,188.6,74.2,2.81,12.8,25.5,50,402,10,正常
P-2441,2026-08-29,M2,日班,OP05,R-0709,7,224.8,187.2,82.1,2.83,12.6,24.6,47,262,6,首件檢驗通過
P-2442,2026-08-30,M3,夜班,OP06,R-0702,10,229.0,183.5,71.1,2.63,13.8,26.1,68,379,4,
P-2443,2026-08-31,M3,日班,OP06,R-0710,22,231.5,187.0,76.2,2.66,14.9,24.0,46,310,5,巡檢無異常
P-2444,2026-08-31,M2,夜班,OP06,R-0713,16,232.4,182.3,79.6,2.78,13.0,24.4,53,253,20,
P-2445,2026-09-01,M1,夜班,OP07,R-0713,19,230.6,185.3,68.1,2.88,14.3,28.0,58,347,23,
P-2446,2026-09-02,M3,日班,OP01,R-0703,20,227.1,183.3,73.9,2.56,15.4,28.1,58,275,6,
P-2447,2026-09-02,M1,日班,OP03,R-0712,3,228.5,185.5,71.0,2.85,14.8,25.8,61,248,10,
P-2448,2026-09-03,M2,日班,OP08,R-0715,2,227.4,189.9,77.5,2.61,14.3,27.6,67,310,16,
P-2449,2026-09-04,M3,日班,OP02,R-0705,22,231.1,184.5,72.0,2.88,15.4,25.9,47,359,3,首件檢驗通過
P-2450,2026-09-04,M3,夜班,OP02,R-0712,5,225.5,188.5,68.6,2.69,13.6,24.3,47,247,11,換料 R-0712
P-2451,2026-09-05,M2,日班,OP07,R-0702,20,229.0,184.5,77.1,2.79,14.8,25.6,55,261,3,首件檢驗通過
P-2452,2026-09-06,M1,夜班,OP02,R-0703,9,232.1,183.6,68.0,2.71,12.9,26.6,61,378,5,機台射出時有異音，班長已口頭通報
P-2453,2026-09-06,M1,日班,OP05,R-0701,15,224.0,182.2,69.6,2.64,12.5,25.8,70,308,3,換班交接完成
P-2454,2026-09-07,M3,夜班,OP01,R-0704,19,225.2,182.7,76.7,2.65,13.9,25.1,57,271,5,正常
P-2455,2026-09-08,M2,夜班,OP02,R-0707,23,225.6,186.4,76.7,2.77,13.8,28.5,56,392,8,
P-2456,2026-09-08,M1,夜班,OP04,R-0710,4,227.6,187.5,71.9,2.85,14.0,24.3,51,377,9,換班交接完成
P-2457,2026-09-09,M1,日班,OP03,R-0705,6,232.6,181.9,69.5,2.73,13.3,24.1,64,341,5,
P-2458,2026-09-10,M3,夜班,OP08,R-0709,11,228.1,187.8,75.3,2.65,14.5,28.6,67,385,10,
P-2459,2026-09-10,M2,日班,OP05,R-0703,12,226.6,182.1,70.6,2.93,14.1,28.5,70,270,5,首件檢驗通過
P-2460,2026-09-11,M2,夜班,OP03,R-0714,2,230.7,184.4,72.4,2.59,12.9,24.6,56,306,13,
P-2461,2026-09-12,M2,日班,OP01,R-0713,23,227.8,190.5,78.0,2.8,14.8,26.4,47,350,6,
P-2462,2026-09-12,M3,日班,OP01,R-0705,6,227.4,182.8,76.8,2.64,14.6,26.8,76,230,11,除濕機排程保養中
P-2463,2026-09-13,M3,夜班,OP02,R-0701,17,223.2,184.9,70.1,3.06,13.1,26.3,45,252,9,
P-2464,2026-09-14,M3,日班,OP02,R-0713,12,232.2,185.2,72.4,2.79,13.4,26.1,53,345,7,首件檢驗通過
P-2465,2026-09-14,M1,日班,OP01,R-0707,23,226.2,184.9,80.0,2.61,15.3,24.8,69,346,6,冷卻水管接頭有滴漏水，先用抹布擋著
P-2466,2026-09-15,M3,夜班,OP07,R-0714,7,228.8,183.4,79.4,2.61,12.9,27.4,48,419,8,
P-2467,2026-09-16,M1,夜班,OP08,R-0714,0,228.7,187.9,81.0,2.64,14.7,25.2,69,245,12,
P-2468,2026-09-16,M1,夜班,OP07,R-0701,5,224.6,182.8,74.6,2.7,15.1,25.0,65,418,10,換班交接完成
P-2469,2026-09-17,M2,夜班,OP04,R-0708,15,223.2,189.2,68.3,2.57,15.1,29.0,79,280,13,
P-2470,2026-09-18,M2,夜班,OP06,R-0714,8,225.4,190.0,73.0,2.57,14.8,27.7,70,276,4,巡檢無異常
P-2471,2026-09-18,M3,日班,OP06,R-0702,11,222.4,187.6,76.4,2.92,14.3,27.1,54,383,3,正常
P-2472,2026-09-19,M3,日班,OP02,R-0714,22,223.9,184.7,79.8,2.93,14.8,27.5,68,290,4,
P-2473,2026-09-20,M1,日班,OP06,R-0712,14,226.3,190.0,71.2,2.77,15.2,26.7,62,417,18,
P-2474,2026-09-20,M1,夜班,OP03,R-0713,10,223.1,185.4,79.9,2.67,13.0,27.9,80,346,19,
P-2475,2026-09-21,M3,夜班,OP08,R-0702,4,225.8,189.4,69.4,2.6,14.8,25.5,55,372,5,依排程生產
P-2476,2026-09-22,M3,日班,OP04,R-0707,23,230.6,190.5,86.5,2.76,14.6,27.4,59,267,7,巡檢無異常
P-2477,2026-09-22,M1,日班,OP08,R-0704,10,223.5,190.1,71.4,2.89,14.2,26.4,48,316,3,
P-2478,2026-09-23,M2,日班,OP06,R-0706,11,223.1,188.9,70.4,2.73,14.2,24.4,57,284,7,換班交接完成
P-2479,2026-09-24,M1,夜班,OP08,R-0701,13,231.9,187.5,73.6,2.83,14.0,27.1,46,358,8,依排程生產
P-2480,2026-09-24,M1,夜班,OP04,R-0715,15,231.1,182.3,68.5,2.7,11.5,25.7,58,223,9,
P-2481,2026-09-25,M3,日班,OP01,R-0701,6,224.6,187.5,79.2,2.64,14.1,25.9,69,405,33,
P-2482,2026-09-26,M2,日班,OP03,R-0702,7,221.9,186.5,80.2,2.87,13.8,27.1,46,311,5,
P-2483,2026-09-26,M2,夜班,OP02,R-0714,3,222.9,185.3,78.9,2.63,13.6,27.5,64,419,8,依排程生產
P-2484,2026-09-27,M2,日班,OP01,R-0706,3,229.0,187.6,81.5,2.93,12.8,28.1,65,231,15,換班交接完成
P-2485,2026-09-28,M1,夜班,OP08,R-0715,10,229.8,185.0,72.4,2.87,14.8,24.6,61,402,5,換班交接完成
P-2486,2026-09-28,M3,夜班,OP03,R-0710,8,224.0,183.8,73.0,2.57,14.2,26.5,67,399,28,首件檢驗通過
P-2487,2026-09-29,M3,日班,OP07,R-0702,3,223.4,188.4,79.2,2.85,13.5,25.2,57,365,9,依排程生產
P-2488,2026-09-30,M2,夜班,OP05,R-0701,24,218.7,188.1,76.0,2.91,14.2,25.9,51,343,9,換班交接完成
P-2489,2026-09-30,M3,夜班,OP02,R-0701,18,225.9,185.7,82.0,2.93,13.2,29.0,68,239,3,正常
P-2490,2026-10-01,M3,夜班,OP08,R-0714,12,230.1,182.1,77.4,2.83,12.9,28.0,52,312,6,
